HITID,Text,Answer1,Answer2,Agreement,Answer,Date,JasonCode
34HEO7RUG6U9PIHSSM42CSQH0SYARD,We have a new mobile website that provides a virtual tour of 1500 Penn httptco9IlLT2elYE httptco5HLsr97mQU,None of the above.,None of the above.,Yes,None of the above.,2018-07-06 17:59:48 UTC,0
37Y5RYYI0P5XMAPYILWLMA6BNFPXSR,Latvian National Pleads Guilty to Scareware Hacking Scheme That Targeted Minneapolis Star Tribune Website httpstcoTh3cuNH1Pj,None of the above.,Procedural Repuation,No,no_agreement,2018-07-06 18:00:47 UTC,4
337F8MIIMZD6NZHCP8BWFT3UZS204T,Its time for a dance party! httpstconpyqDPil9Q,None of the above.,None of the above.,Yes,None of the above.,2018-07-06 17:58:09 UTC,0
33CLA8O0MIB4L9Y032QUQT18X8BFRV,Theres still time to submit nominations for the EveryPlaceCounts Leadership Academy httpstcotUQXfBqUAU,Moral Reputation,Procedural Repuation,No,no_agreement,2018-07-06 17:58:39 UTC,2
3K3G488TR28C7BQBKBOLZR0QCSV5Q1,"Justice Department Issues Memo on Marijuana Enforcement  httpstcotcNPpruHpp",None of the above.,Performative Reputation,No,no_agreement,2018-07-06 18:00:18 UTC,1
3TRB893CSJA0HQAG58Y63XAKXBH7GN,artbma Outpost shares art with VA Clinic in Maryland httpstco7eqtcZCiE3 via wbaltv11,None of the above.,None of the above.,Yes,None of the above.,2018-07-06 18:10:58 UTC,2
3QHITW7OYO99DH2SF7F272GC46WAQC,"RT FirstNetGov Breaking NEWS Governor Abbott announces Texas to opt-in to FirstNet Full release",None of the above.,Performative Reputation,No,no_agreement,2018-07-06 17:59:08 UTC,1
3M0556243SKJ6B68AV9DH9WYWBMFN7,"Two Men Charged in Northern California in Alleged Multi-Million Dollar Investment Fraud and Tax Evasion Scheme  httpstcoJfMLBFYdS1",None of the above.,Performative Reputation,No,no_agreement,2018-07-06 18:03:53 UTC,2
3XT3KXP24ZYV9H26CMTHIVN4HDPI6R,ENERGY TREATS Convert energy  units into Halloween   candy  and more with this spooky calculator! httpstcosE5vvrvLZK,Moral Reputation,None of the above.,No,no_agreement,2018-07-06 17:58:26 UTC,2
3XBXDSS888JAIXU8YCZKAOSGVLHXLD,USDOL s work on this rule will help put the promise of a secure retirement win the reach of more Americans - Secretary Lew,Moral Reputation,Performative Reputation,No,no_agreement,2018-07-06 17:58:57 UTC,2
3ZG552ORAM4CDM35ORGX77WM9AJ2VR,RT MariaBartiromo Coming up SecretaryRoss CommerceGov MorningsMaria FoxBusiness ExecutiveOrder TaxReform join us now,None of the above.,None of the above.,Yes,None of the above.,2018-07-06 18:05:06 UTC,0
39KV3A5D18737VJ708SNSBTNLMB7S7,LIVE Were talking 3DPrinting  state partnerships  and hurricane response in todays EnergyTalks session   httpstcoBpGoGlJjlf,None of the above.,Performative Reputation,No,no_agreement,2018-07-06 17:58:49 UTC,4
3IH9TRB0FBZ02V196GH0NZWN929I1T,Were looking at changing portraits AND other aspects of the note What do you think would represent democracy? httpstcohjaJHikLxK,Performative Reputation,Procedural Repuation,No,no_agreement,2018-07-06 18:02:27 UTC,1
3SX4X51T8096S5PC0UNYIXLCP5EAO4,Puerto Rico National Cemetery continues to honor Veterans while recovering from Hurricane Maria httpstcoXfVYDEH12J via VAntagePoint,Moral Reputation,None of the above.,No,no_agreement,2018-07-06 17:59:07 UTC,2
338GLSUI43BGMOYDIRQZG364JAUFSJ,"RT USMC Can you light candles in space?  Happy Birthday Marines from AstroKomrade at the   Space Station httpstcoERjKw9PIcQ",Moral Reputation,None of the above.,No,no_agreement,2018-07-06 18:01:47 UTC,2
3MNJFORX8B4FGM026VDRNSWC5QMF5H,RT Fermilab Starting soon a special FB Live tour of one of Fermilabs lab spaces for DarkMatterDay! httpstco7oANXaUO77 httpstc,None of the above.,None of the above.,Yes,None of the above.,2018-07-06 18:00:17 UTC,1
35A1YQPVFEGZQD2S73JCQP94LIEI5B,RT statedeptspox Thank you  Dr Alison Mann from DiplomacyCenter for joining us during todays briefing We hope to see a great crowd fo,None of the above.,None of the above.,Yes,None of the above.,2018-07-06 17:59:48 UTC,0
3BVS8WK9Q0V1FTJ18DAPTB9WVE0IBC,RT NLM SIS Who is at risk for Age-Related MacularDegeneration? Find out here httpstcor1gUIJ1YuM,None of the above.,None of the above.,Yes,None of the above.,2018-07-06 18:02:45 UTC,2
372AGES0I45LLVPL3WWGW01F1D6XR3,RT JohnKingatED Weve made progress these 8 years More Hispanic students are finishing HS  attending college  and graduating than ever b,Performative Reputation,Performative Reputation,Yes,Performative Reputation,2018-07-06 18:09:50 UTC,1
3OCZWXS7ZO71GEAYS6GPI51W2M85LC,"RT WhiteHouse An excerpt from tonights SOTU More httpstconJF9j414YL httpstcoBWeW9QnDGr",None of the above.,Procedural Repuation,No,no_agreement,2018-07-06 18:01:46 UTC,0
3Z8UJEJOCZD31XMLPQP6YZCHOW039N,RT FLETC1 The FLETC Washington Office supported the DHS BlueCampaign by wearing blue onWearBlueDay WeWearBlueBecause HumanTrafficki,Moral Reputation,Performative Reputation,No,no_agreement,2018-07-06 18:19:59 UTC,2
3JVP4ZJHDPS0V6GRAXD09UDD4A3I0Q,Take it from the men and women who secure our borders  walls work httpstcobKhR6sZv1q,None of the above.,None of the above.,Yes,None of the above.,2018-07-06 18:00:30 UTC,1
3JVP4ZJHDPS0V6GRAXD09UDD4A30I8,RT AmericasPromise LIVE at 345p ET JohnKingatED  PeaceFirstOrg Fellow  scholarCHIPS founder YazzieSpeaks talk civic engagement ht,None of the above.,None of the above.,Yes,None of the above.,2018-07-06 17:59:47 UTC,2
386T3MLZLNV7604E1B19W5JZ1EY808,RT NewLeadersOrg As Natl Principals Month ends  read this lovely tribute to our nations schl leaders JohnKingatED httpstcocBHxT46,None of the above.,None of the above.,Yes,None of the above.,2018-07-06 18:00:02 UTC,2
3FVBZG9CLJE0ZB574FVF9ICY4XO0HF,Voting is now underway Cast your vote for USCGs 2016 Video of the Year  httpstcooVIYpGIfER httpstcoEHQmSOv9ap,None of the above.,Technical Reputation,No,no_agreement,2018-07-06 18:01:42 UTC,0
30UZJB2POHCK0AK9M0CPMJ7F20H35W,Secretary Tillerson with Egyptian Foreign Minister Shourky The US commits itself to standing with Egypt  standi httpstconMsN0wmT1I,Performative Reputation,Technical Reputation,No,no_agreement,2018-07-06 17:58:58 UTC,4
3TL87MO8CMPTIB3NYITY4HS9RGMFL5,RT NASA Weve partnered with American Girl to share the excitement of space and inspire young girls to learn about science  technology,None of the above.,Performative Reputation,No,no_agreement,2018-07-06 18:05:04 UTC,2
30P8I9JKOIL4CJMS6AIV5EZYTKA5VV,RT SecretaryFoxx Thank you RayLaHood for a great conversation today Heres to another 50 years USDOT! DOTat50 httpstcoEV2dOnjkoA,Performative Reputation,Procedural Repuation,No,no_agreement,2018-07-06 17:58:29 UTC,0
386T3MLZLNV7604E1B19W5JZ1EY080,January is Human Trafficking Prevention Month Learn more about what DHS is doing to combat HumanTrafficking by vi httpstcoGLKLxrLbTe,Moral Reputation,Performative Reputation,No,no_agreement,2018-07-06 18:02:10 UTC,2
3K3IX1W4S6ROD51DFU0D7XQ2ZAAAPL,ICN Adopts Practices on Merger Notification and Review  New Work for Analyzing Exclusionary Unilateral Conduct httpstcomnIJH5dig9,None of the above.,Procedural Repuation,No,no_agreement,2018-07-06 18:03:39 UTC,1
302OLP89DZ75JGS9APE7NXRV0RVAC7,Dep Sec Raskin In our interconnected economy vulnerabilities in one part of the system can put others in danger,Moral Reputation,Moral Reputation,Yes,Moral Reputation,2018-07-06 18:08:44 UTC,4
3WYZV0QBFJDY5O8W7ZAQWLWBJR3XBQ,We are many  our work is diverse  and together we keep America safe WeAreDHS httpstcoYmrjUlDY48,Moral Reputation,Moral Reputation,Yes,Moral Reputation,2018-07-06 18:14:35 UTC,2
3EN4YVUOUCS4N768VRN7U9FORWCXJB,RT VP POTUS Trumps tax plan will encourage investment and growth  and ultimately create jobs for working Americans httpstcosSB7j,None of the above.,Procedural Repuation,No,no_agreement,2018-07-06 18:00:53 UTC,0
311HQEI8RSG0875LV0MVO4QQ81B7ZC,Three Individuals Indicted in Nevada for Allegedly Stealing More Than $1 Million in Tax Refunds httpstcoCk5ADyCjz4,Moral Reputation,Moral Reputation,Yes,Moral Reputation,2018-07-06 17:58:45 UTC,2
3IVKZBIBJ0900KPJDHEZJOIHZP7HSJ,RT uscensusbureau How many people participate in elections? This StatsInSchools activity compares past voting trends httpstcoYDw4a,None of the above.,Technical Reputation,No,no_agreement,2018-07-06 17:58:49 UTC,4
37OPIVELUU3W0O3PWHS8YOOBDJ0AHG,RT statedeptspox DepSec Sullivan with Latvias FM edgarsrinkevics The US commitment to NATOs Article 5 is ironclad  and POTUS,Performative Reputation,Technical Reputation,No,no_agreement,2018-07-06 17:59:44 UTC,0
37MQ8Z1JQEWTHGYAT23HE60GRRL2Y0,RT jessellison Inquiry is a powerful device of discovery Amen  JohnKingatED Primary sources for all SocialStudiesMN TeachingLC n,None of the above.,Procedural Repuation,No,no_agreement,2018-07-06 18:02:50 UTC,0
3OQQD2WO8I6WCYFOTKVJBSBK7MNI3L,The decisive actions taken by POTUS  policymakers helped us lay the foundation for a more sustainable path forward httpstcomyqdbWZ4m5,Moral Reputation,Procedural Repuation,No,no_agreement,2018-07-06 18:09:35 UTC,0
3T2EL38U0MKL9UALQH7GRARA5R4XQ2,Founder and President of TAPSorg  Bonnie Carroll  talks to us about dealing with grief  the creation and mission o httpstcoIcOP02O3P8,Moral Reputation,Technical Reputation,No,no_agreement,2018-07-06 18:01:02 UTC,2
35F6NGNVM8J4MVWMP8XD2GP9N5P7TW,Former Mississippi Sheriffs Deputy Indicted for Planting Evidence at Crime Scene to Justify Fatal Shooting httpstco5YWN3pEOth,Moral Reputation,Procedural Repuation,No,no_agreement,2018-07-06 18:02:14 UTC,1
3U18MJKL1UMC3ZMYJTJC93BVZYUCNT,WinterSafety tips form FEMA and Readygov Know what to do when a snow storm hits httpstcoIIksDjuewT,None of the above.,Technical Reputation,No,no_agreement,2018-07-06 17:59:41 UTC,2
3UDTAB6HH6Z7K5NO637NW1EALKG09P,RT AHRQNews A4 AHRQ leads the charge in encouraging better communication between patients  clinicians Watch httpstco1uugFFGH7u p,None of the above.,Procedural Repuation,No,no_agreement,2018-07-06 17:59:24 UTC,1
3V0TR1NRVA22OCFUHA8P4ZF78EEA4U,What is carbon capture technology and how does it work? View our infographic to find out! httpstcooeOUaF9wfd httpstcogDi2YN4Puq,Technical Reputation,Technical Reputation,Yes,Technical Reputation,2018-07-06 18:03:22 UTC,4
3I7SHAD35MW09062GBW1G2UHTXT7MV,Sergeant Major Wilburn  Veteran of three wars  dies at 98 httpstcoDAebYdWeOv via Hi-Desert Star,None of the above.,Performative Reputation,No,no_agreement,2018-07-06 18:02:47 UTC,2
3SSN80MU8COZYRCQDCNJVOF16LCXKA,RT DeptofDefense Last year  POTUS directed the DoD to conduct a new NuclearPostureReview to ensure a safe  secure  and effective nucle,None of the above.,Procedural Repuation,No,no_agreement,2018-07-06 18:00:07 UTC,1
30QQTY5GMKKJM8BBPDNN7CBB6JW7UN,RT BrookingsInst Thanks for tuning in to todays DoddFrank event with USTreasury Sec Lew Bookmark this page for audiovideo later ht,Moral Reputation,Moral Reputation,Yes,Moral Reputation,2018-07-06 17:59:24 UTC,0
3UUIU9GZC55PZRI31FIG4WBDWZU5TF,RT SecretaryCastro Secondary prevention refers to efforts to stop it from occuring again or getting worse,Moral Reputation,None of the above.,No,no_agreement,2018-07-06 17:59:18 UTC,0
3R5LWXWHR08UW5G7NL24XWN8Z4VXG7,Honoring Vets Remains of Marine identified  buried with honors at Dallas Fort Worth National Cemetery httpstcoKqKZYmGp4M,Moral Reputation,Moral Reputation,Yes,Moral Reputation,2018-07-06 17:59:53 UTC,2
3N7PQ0KLI5PKWTD2X15SQDDSFTG3EX,RT stevenmnuchin1 Great to welcome RealDonaldTrump to USTreasury  sign directives for economic  job growth for all Americans https,Moral Reputation,Performative Reputation,No,no_agreement,2018-07-06 18:00:06 UTC,2
3QGTX7BCHP2LL3R2777YQKCUHVG5ZV,From historian to military intelligence officer  learn how this USNationalGuard soldier plays a vital role in pro httpstcoaRHjRqz8T9,None of the above.,Performative Reputation,No,no_agreement,2018-07-06 18:18:35 UTC,2
3P458N04Q1H4HB80O6HFVST7PLQX2O,ICYMI We know that a system built on cooperation  high standards of economic governance works - Sec Lew BWCAM16 httpstco4drHBQSMpd,None of the above.,Procedural Repuation,No,no_agreement,2018-07-06 18:00:10 UTC,4
3X52SWXE0X52QTVCBUAZ5MOMSAYCWK,Speaking English with an accent is no reason to be denied a home Read about FairHousing httpstcoLcffHu3gE6 httpstcophxPtQvQZ5,Moral Reputation,Moral Reputation,Yes,Moral Reputation,2018-07-06 17:58:57 UTC,2
3D4BBDG7ZHW5ZVTO1AZX0PDPUH33C4,USDAs FoodKeeper app uses open data to keep consumers safe and food fresh httpstcoYYSFIVAlSP httpstcoXsCV2ddPRD,Technical Reputation,Technical Reputation,Yes,Technical Reputation,2018-07-06 18:01:25 UTC,2
3T6EIBTM9LOHQ1VBQBIGH2170OAAA5,RT SecPriceMD DeptofDefense DeptVetAffairs CDCgov US FDA Our SAMHSAgov Disaster Distress Helpline is available 247 to help people c,Moral Reputation,None of the above.,No,no_agreement,2018-07-06 18:04:18 UTC,2
3BFNCI9LYKQZNEYSATRMK3LBT6C37B,Thank you for joining us! BG httpstcobwTyZYwB0C,Moral Reputation,None of the above.,No,no_agreement,2018-07-06 18:01:27 UTC,0
31KPKEKW4ADQ8Y2L4NLJN7909KJ0BZ,RT FAANews Were creating air traffic procedures that will make landing at your Thanksgiving destination smoother and more environmental,Procedural Repuation,Procedural Repuation,Yes,Procedural Repuation,2018-07-06 17:59:54 UTC,3
3JGHED38EDR03HVGZEKCAXHO2777YL,USTreasurys Sheets the TLAC standard endorsed by the G20 will help authorities resolve failing global banks in a more orderly manner,Procedural Repuation,Procedural Repuation,Yes,Procedural Repuation,2018-07-06 18:20:29 UTC,3
3WRBLBQ2GR8MZFAWK9DXOI0XPXB0GG,A6 VA offers Quit VET  a free quit-line that helps Veterans build and stick to a quit plan Call 1-855-784-8838 to httpstcoYjEfgAL3P8,Moral Reputation,Moral Reputation,Yes,Moral Reputation,2018-07-06 18:02:07 UTC,2
3GVPRXWRPHUEDHGBVWY9O9N0CO9I7Q,Do you qualify for the Public Service Loan Forgiveness Program? Head here to find out  httpstco9eH70DJfrY,Moral Reputation,Performative Reputation,No,no_agreement,2018-07-06 17:59:37 UTC,2
3Y40HMYLL1ID1NH27QRL1BOZ8CAXU7,RT usunvie The United States is working with international organizations to enact tough restrictions on lethal synthetic opioids One foc,Moral Reputation,Performative Reputation,No,no_agreement,2018-07-06 18:02:25 UTC,1
3MNJFORX8B4FGM026VDRNSWC5QM5F7,Local program to sponsor veterans this holiday httpstcoTD1fl8aK5T via WEAU13News,Moral Reputation,Moral Reputation,Yes,Moral Reputation,2018-07-06 17:59:24 UTC,2
3VI0PC2ZAYKIOIX5B4FC25WAQQMXOU,Against the odds Veteran walking with a purpose httpstco6JZnCDw4UL via WSPA7,Moral Reputation,Procedural Repuation,No,no_agreement,2018-07-06 18:20:45 UTC,2
3ZXNP4Z39RLG3IOHGZVMGPFSTS37LT,Still supporting Veterans  a half million video views later httpstcokJBChbnYoh,None of the above.,None of the above.,Yes,None of the above.,2018-07-06 18:03:28 UTC,2
3UQVX1UPFSHWKL2PLUS8ME6WFE602X,RT dcpublicschools The work that you are doing saves lives and saves the world I know because it saved mine JohnKingatED httpstc,Moral Reputation,Performative Reputation,No,no_agreement,2018-07-06 17:59:25 UTC,2
3X878VYTIEIU3QELUOSOLCA8WWH7FO,RT USFWS 8 Fascinating facts about snowy owls httpstco9TZP9drsKy httpstcoyGya5ODcYt,None of the above.,Technical Reputation,No,no_agreement,2018-07-06 18:01:03 UTC,0
3AXFSPQOYQYNNLFNVXHLO2FHNRHFJ3,RT NWSNewOrleans Our 6ft 6in MIC next to 11ft poll THATS how high water could get along coast MS River to MSAL line If under evac ord,None of the above.,Performative Reputation,No,no_agreement,2018-07-06 18:03:42 UTC,0
3EPG8DX9LKQR7ZPWKY9WZMAG7W95PA,Seven years ago the Recovery Act was signed into law Read about the impact its had on the people we serve httpstcoBWfpFfx8gH,None of the above.,None of the above.,Yes,None of the above.,2018-07-06 17:59:36 UTC,2
3S1L4CQSFX5CMSCJ1R48V3CYX4NFAN,As a former teacher  as an American  JohnKingatED cares deeply about the importance of civics as part of a well-rounded education npclive,Moral Reputation,Moral Reputation,Yes,Moral Reputation,2018-07-06 18:00:04 UTC,2
3XUSYT70IT1JNV05IJCPIXX0C5V0D6,1 day left! Dont forget to register for the BlueCampaign Thunderclap and raise your voice to endtrafficking httpstcoSHNaAeDmAc,Moral Reputation,Performative Reputation,No,no_agreement,2018-07-06 18:01:09 UTC,2
35O6H0UNLSGVLOMYPL4C2QO4YX35JA,RT USNavy USNavy accepts delivery of future USSManchester LCS14 - httpstcooqI5FsAdbi (File photo) httpstcoECqPF7R5H2,Procedural Repuation,Procedural Repuation,Yes,Procedural Repuation,2018-07-06 17:59:24 UTC,4
3BDORL6HKKDXIXEQC00TING50VJCRH,RT US EDA Congrats to our 2015 RIS grantee medtechinnovate on your new partnership with AmericanCancer to accelerate commercialization,Moral Reputation,None of the above.,No,no_agreement,2018-07-06 18:10:32 UTC,4
3909MD9T2ZHFC5TVHW6URM2PIJLFEI,"Need a good reason to quit smoking? How about 480 000 good reasons?   Put down the pack today with help from httpstcoTSyeroVN6p",Moral Reputation,Technical Reputation,No,no_agreement,2018-07-06 18:01:05 UTC,2
3A9LA2FRWSE8W1BI7RKMIWZ9E49HXR,"RT SecPriceMD Today  POTUS signed the FDA Reauthorization Act of 2017 into law  httpstcorKqfhU0lPE httpstcoyB8Wnx2Z5P",Moral Reputation,Procedural Repuation,No,no_agreement,2018-07-06 17:59:32 UTC,1
3ZTE0JGGCESULKMAK8JPOSB0P8ZCO8,RT US EDA Since FY 2012 EDA invested $14B in 3 244 capacity building and infrastructure projects to support conditions for economic gro,None of the above.,Performative Reputation,No,no_agreement,2018-07-06 18:02:09 UTC,1
30Z7M1Q8UYK37D2WTDY2LBVCA0AA81,RT USGS Pubs TBT This 1904 pub describes the origin of the USGS 25 years earlier and its development  organization  operations https,Moral Reputation,None of the above.,No,no_agreement,2018-07-06 18:01:35 UTC,0
3Y3N5A7N4G9JOK233KM1TFEEXW2MYB,RT USNavy Sailors participate in trauma training Tuesday aboard USSIwoJima in MediterraneanSea during JuniperCobra2018  an exercise fo,Performative Reputation,Procedural Repuation,No,no_agreement,2018-07-06 17:59:37 UTC,2
3OID399FXG7AKZFVL1VAL4K4I7KFDP,WWII memorabilia on display at Barron VFW httpstcoMdktGtfqKt,None of the above.,None of the above.,Yes,None of the above.,2018-07-06 18:00:07 UTC,2
34R3P23QHS1T716SXMO0GDL2523HWY,RT VP My hope is that all of our friends in the region  whether they be in the Christian community  the Jewish community  the Muslim comm,Moral Reputation,Moral Reputation,Yes,Moral Reputation,2018-07-06 18:04:25 UTC,2
3JYPJ2TAYI8J9WILQAM5LY1TWQNFP3,RT YellowstoneNPS Need to shed some stress? Grab a forest bath in a park near you! HealthyParks httpstcoJnFW6BJGMy,None of the above.,None of the above.,Yes,None of the above.,2018-07-06 18:05:15 UTC,2
3PA41K45VN46U33F8ROTX6OCY247PR,RT stevenmnuchin1 Proud 2 launch httpstcokQiGhfNgbx so taxpayers can see how the govt is putting their tax dollars 2 work in commun,Performative Reputation,Procedural Repuation,No,no_agreement,2018-07-06 18:22:57 UTC,1
3JMNNNO3B14PSB3AE1LTT9F0GJL2W1,RT Lt Emily King grew up wanting to fly planes Now shes a fighter pilot serving in the war against ISIS httpstco93uXG7Xuy7,Performative Reputation,Technical Reputation,No,no_agreement,2018-07-06 18:03:08 UTC,2
3FBEFUUYRK5G3ZJ80Y141XZL45KA6F,RT usdafsa Your vote counts! Remember to cast your FSA County Committee ballot by Dec 4 voteFSA httpstcoVqZC37o1lR,None of the above.,None of the above.,Yes,None of the above.,2018-07-06 17:59:55 UTC,0
34ZTTGSNJXOON4A6LDPUOO3GH1MHQU,Today  Sec Lew met w Brazilian FM Meirelles on the importance + future of the US-Brazil economic relationship httpstcowZ7r1VufT9,Performative Reputation,Performative Reputation,Yes,Performative Reputation,2018-07-06 18:00:03 UTC,1
3YLTXLH3DF63NS9RL0A5OJD6C50HP3,MarcKnapper Sports have an amazing ability to capture the imaginations of people  promote goodwill  transcend t httpstconsvtiCRZq3,Performative Reputation,Procedural Repuation,No,no_agreement,2018-07-06 18:01:28 UTC,2
34OWYT6U3WHIR044ATWT25E67EXI92,The alliance is the cornerstone of our long-standing relationship 5 of 7 Mutual Defense Treaty Allies are in httpstcoIxuNYeGn6Y,Procedural Repuation,Technical Reputation,No,no_agreement,2018-07-06 18:05:42 UTC,4
33NKDW9FFXIHFT02LZ6L752T1C4CXD,RT WSJopinion Heres an important education speech that deserves wider notice httpstco0r76h0Hc1J,Moral Reputation,Performative Reputation,No,no_agreement,2018-07-06 18:11:15 UTC,1
31D0ZWOD0AZLPOXTY9LNSWPUR2Y0A4,Did you know? DLAMIL sent more than 200 000 pounds of Thanksgiving food to field kitchens throughout the Middle E httpstco24i8c0zsHk,Moral Reputation,Performative Reputation,No,no_agreement,2018-07-06 17:59:21 UTC,2
3OKP4QVBP2XI0S8ECBAQDOCAYJNAGH,RT SullyAtHUD Part of HUDgovs 50-yr mission is overcoming historic segregation drshow examines fairhousing - then and now http,Performative Reputation,Technical Reputation,No,no_agreement,2018-07-06 18:00:56 UTC,2
3J9UN9O9J3SWQH0XSFY0LVSDHPS0JK,RT JohnKingatED Couldnt agree more httpstcoYV3lC4zF0d,None of the above.,None of the above.,Yes,None of the above.,2018-07-06 18:00:01 UTC,0
3DIIW4IV8PVHUUYSTY02LX3QLMJI46,Only 1 Electronic Appraisal Delivery portal onboarding phase remains Register now and join hundreds of lenders  httpstco6gdbueDog9,None of the above.,None of the above.,Yes,None of the above.,2018-07-06 17:59:31 UTC,1
3AJA9FLWSCYRSAVHDFWLC10HACSFIR,REPORT How advanced small modular reactors can help boost resiliency of Americas electric grid httpstcobODPCpeKbZ,Performative Reputation,Technical Reputation,No,no_agreement,2018-07-06 18:18:24 UTC,1
363A7XIFV4M1IPY9169CDPFKLYBAV6,Participants in the Treasury market should be subject to comprehensive oversight and trade reporting requirements Counselor Antonio Weiss,None of the above.,Performative Reputation,No,no_agreement,2018-07-06 18:00:13 UTC,3
32PT7WK7DMFF4NZ216U8KVV7FHFD3E,FACT SHEET Advanced Transportation and Congestion Management Technologies Deployment Program httpstcodVnQfM82vj WHFrontiers,Performative Reputation,Technical Reputation,No,no_agreement,2018-07-06 17:59:20 UTC,4
3BO3NEOQM0HWWJE92ZATY0PQDWFIAH,RT USEmbassyWarsaw During a meeting Secretary Tillerson and Polish PM MorawieckiM discussed the future of Polish-US relations and regi,Performative Reputation,Procedural Repuation,No,no_agreement,2018-07-06 18:15:04 UTC,4
3PCPFX4U40Q498J0QN1UL3R31M9FQU,RT PressSec USTreasury stevenmnuchin1 target supporters of Irans Military and IRGC httpstcoZCwl3sHmNn,None of the above.,Technical Reputation,No,no_agreement,2018-07-06 18:02:35 UTC,4
3RZS0FBRWKAC6KYBZ8W4DSGQZDVCPP,Justice Department  StateDept Launch IntellectualProperty Law Enforcement Coordinator Network 5 specialized pr httpstcocGJCXV3Ltq,None of the above.,Technical Reputation,No,no_agreement,2018-07-06 17:59:14 UTC,1
3TD33TP5DL2M9B03WPICCDLDI6VAB0,Boynton Beach Officers Convicted of Using Excessive Force Against Arrestee and Obstruction of Justice httpstcod96nBO9gBm,Moral Reputation,None of the above.,No,no_agreement,2018-07-06 18:00:39 UTC,2
3RSBJ6YZECQ1OW6KBA9QWYW3MLRFOM,Fighting the flames! USAirForce firefighters douse a blaze engulfing a prop aircraft during nighttime firefighting httpstcoDUdzemhjKg,Performative Reputation,Technical Reputation,No,no_agreement,2018-07-06 17:59:39 UTC,4
3QQUBC64ZEE06XXTAPFZNGW50GHXNF,RT USDOTFRA WowWednesday Today marks the 155th anniversary of TheGreatLocomotiveChase  a historic day in railroading history! https,None of the above.,Performative Reputation,No,no_agreement,2018-07-06 17:59:28 UTC,0
3XEDXEGFX3OR116FA0YCMASQWES0KJ,RT usedgov Happy 50th birthday  USDOT! Thanks for keeping America moving! DOTat50 httpstcoPMZzZb8q3q,None of the above.,None of the above.,Yes,None of the above.,2018-07-06 18:03:17 UTC,0
382GHPVPHSR24RG98VTFHR1124M34R,RT NWSTampaBay Eye of Irma moving over Lee County now Highest wind gusts measured so far at Southwest Florida International Airport of 8,Performative Reputation,Procedural Repuation,No,no_agreement,2018-07-06 18:01:08 UTC,4
32FESTC2NHQPYP67GUVYNY3P7UNCUL,RT USCISMediaPA Families of newUScitizens celebrate with patriotic pride BattleshipNJ July4th httpstcoBuU0qt6Lax,Moral Reputation,None of the above.,No,no_agreement,2018-07-06 18:00:22 UTC,2
3JAOYN9IHL2HMVX58HOW7M9VO4Q336,Check out USArmy Veteran  USParalympics athlete Stephen Emt who is competing in the 2018 Paralympics mens wheelc httpstco7z8jwGjn5K,Moral Reputation,Performative Reputation,No,no_agreement,2018-07-06 18:18:53 UTC,2
39TX062QX1OT2T4JS6VKE2YZVZQX3Z,No student should ever feel unwelcome at school httpstcoVhk6GhUBtT,Moral Reputation,Moral Reputation,Yes,Moral Reputation,2018-07-06 17:59:23 UTC,2
3EQVJH0T40L1FK2Y2HJPTTE318LHT8,RT JREMSchool JohnKingatED  Ms Malins class at JREMSchool says Thanks for reading to us! httpstcoOkUELEBtXY,None of the above.,Performative Reputation,No,no_agreement,2018-07-06 18:03:17 UTC,2
3X4Q1O9UBHMO93RETRBE86JMOX87OA,Were 1! America produces more nuclear energy than any other country on Earth  generating more than 805 billion ki httpstcorlee1FjVyE,Performative Reputation,Technical Reputation,No,no_agreement,2018-07-06 18:04:27 UTC,0
3EFNPKWBMSOL53Y8PU6D5OBOLS6038,What does it take to be an EDGreenRibbon school? A few of our 2017 honorees can show you the way! httpstcoy6bJWtc5xd,Procedural Repuation,Technical Reputation,No,no_agreement,2018-07-06 18:00:17 UTC,2
3S829FDFT21RKL6GLV1WRBKBMCFXDX,RT SecPriceMD DeptofDefense DeptVetAffairs Doctors  nurses w the National Disaster Medical System (NDMS) set up a base of operations w,Moral Reputation,Procedural Repuation,No,no_agreement,2018-07-06 18:06:40 UTC,4
3D06DR5225JIS240NE8LQTW7U5ZAMP,RT USNavy LIVE Periscope Commissioning of USSColorado SSN788 httpstcoleBv6MLuEg,None of the above.,None of the above.,Yes,None of the above.,2018-07-06 18:03:28 UTC,1
391FPZIE4CMGFXHN2M9ZYP05KMSHUZ,John F Kelly Sworn In As Fifth Secretary Of Homeland Security httpstcoIKJI5yxn8l,None of the above.,Performative Reputation,No,no_agreement,2018-07-06 18:01:00 UTC,0
3P7RGTLO6EDN2E4X22V5BG43504AKK,Sec Lew urges UK  EU to demonstrate flexibility in order to produce an amicable and mutually-acceptable outcome,None of the above.,Technical Reputation,No,no_agreement,2018-07-06 18:01:57 UTC,0
3GL25Y6843UUOFCTYO0ZA175VQ7XMF,RT USNavy CNORichardson statement on C2-A aircraft crash - httpstcoMbKydsnYey httpstcorMtBi4kPBw,Procedural Repuation,Procedural Repuation,Yes,Procedural Repuation,2018-07-06 18:00:16 UTC,3
3VO4XFFP15MRUF4U843IXBEM3YQ7QI,USIsraeli Man Charged in Connection with Threats to Jewish Community Centers  Conveying False Info  Cyberstalking httpstcouXrOLCKnU5,Performative Reputation,Performative Reputation,Yes,Performative Reputation,2018-07-06 17:59:47 UTC,1
33KGGVH24UHXSQQ452H1Q9J2XFCX17,RT WhiteHouse In the past few weeks  President Trump has fought to secure one of his key promises to the American people negotiating fre,Performative Reputation,Performative Reputation,Yes,Performative Reputation,2018-07-06 18:00:24 UTC,0
3N5YJ55YXG3OAKP0ZFNL38L7ZV9ANP,RT fema Storm surge can be one of the most dangerous and damaging parts of a hurricane  bringing flooding and battering waves to the coas,None of the above.,Technical Reputation,No,no_agreement,2018-07-06 17:59:34 UTC,2
36818Z1KV3DH6GWQHW36UUN1UEIA39,RT USGS Energy-efficient alloys of beryllium help to create miniature electronics parts httpstcoVsiDccm6Wr CriticalMinerals https,Procedural Repuation,Technical Reputation,No,no_agreement,2018-07-06 18:02:23 UTC,4
3P458N04Q1H4HB80O6HFVST7PLR2XU,RT statedeptspox At WEF18  USAIDMarkGreen and private-sector partners announced the launch of Smart Communities Coalition to address te,None of the above.,Technical Reputation,No,no_agreement,2018-07-06 18:01:16 UTC,4
3QD8LUVX4XYWG8RN6PJDTZWJ9VHX5P,Tune into Deputy Secretary Sarah Bloom Raskins conversation w nationaljournal on cybersecurity live now! httpstcoKmWYfXx4si,None of the above.,None of the above.,Yes,None of the above.,2018-07-06 18:01:11 UTC,4
3KLL7H3EGD1GSC6N7CJ4UB2OYT1HVO,RT SenateCommerce TODAY AT 10AM SenateCommerce to hold a hearing to examine InfrastructureInAmerica with testimony from SecElaineChao,Moral Reputation,None of the above.,No,no_agreement,2018-07-06 18:01:01 UTC,0
3A9LA2FRWSE8W1BI7RKMIWZ9E48XH6,Read Secretary Nielsens statement following her swearing-in httpstcowvQWDnCsp3,Moral Reputation,None of the above.,No,no_agreement,2018-07-06 18:00:23 UTC,0
3ZUE82NE0A1Y34J44TKUZC637GNF8J,USDAs Office of Tribal Relations salutes 6 Virginia tribes on new federal recognition The Chickahominy  Eastern C httpstcoH3gibeFw37,Moral Reputation,Performative Reputation,No,no_agreement,2018-07-06 18:11:27 UTC,2
33NKDW9FFXIHFT02LZ6L752T1C3XCX,RT CBPArizona USBP Casa Grande agents patrolling the border rescue Honduran gunshot victim southwest of Sells BORSTAR AlwaysVigilant h,Performative Reputation,Performative Reputation,Yes,Performative Reputation,2018-07-06 17:59:49 UTC,1
304QEQWKZPKARSRU8SQ5TR9ZGJ20O3,QA Aviation Security Enhancements for Select Last Point of Departure Airports w Commercial Flights to the US  httpstcoiSdirAqaC4,None of the above.,Technical Reputation,No,no_agreement,2018-07-06 18:04:16 UTC,4
3L7SUC0TTUUMRP6IVCBS1NKULJN0MO,RT USUN Ambassador Nikki Haley This sham proposal is just the latest example of the lengths Maduro will go to destroy Venezuelas demo,None of the above.,Procedural Repuation,No,no_agreement,2018-07-06 18:03:02 UTC,0
3VCK0Q0PO5ES97RI7DQSE29UQ9X0NO,North Carolina Man Convicted of Attempting and Conspiring to Provide Material Support to ISIS httpstcousC1OKXADd,None of the above.,None of the above.,Yes,None of the above.,2018-07-06 18:00:39 UTC,1
3NSCTNUR2ZNKKVJUVFRZ9RLL8A9A5Z,Joint Press Statement Following the EU-US Justice and HomeAffairs Ministerial httpstcoRP1K6cYCo2 httpstcogjzWbgeG2Y,None of the above.,None of the above.,Yes,None of the above.,2018-07-06 18:03:00 UTC,0
34D9ZRXCYRULQXH57B4722VDMUHAS1,"AK Couple Charged w Failure to Pay Over $400 000 of 13 Yrs in Income Taxes Earned from Commercial Fishing Business httpstcoi1ZD0w5tIs",None of the above.,Technical Reputation,No,no_agreement,2018-07-06 18:01:53 UTC,1
3UV0D2KX1MJXK3W2SQUHI0QY5URF4C,RT uspto DYK Patents like these keep us warm in the winter ForestProductsWeek httpstcoEFYh2UYRpW,None of the above.,Performative Reputation,No,no_agreement,2018-07-06 18:00:43 UTC,2
3CVBMEMMXBGEHM5RPEGOOXMLCBU7HM,RT FAANews Want to become one of the 34 000 drone pilots in the US? Join us at the UAS2017 Symposium Mar 27-29 New agenda httpst,None of the above.,Performative Reputation,No,no_agreement,2018-07-06 18:02:29 UTC,0
3UEDKCTP9VQ5JC6ZVZJL1P2D4SY7KQ,RT ACFHHS Do you work with young people? Learn ways schools and communities can help prevent trafficking! LIVE 10am httpstcokgv6Cu,Moral Reputation,Procedural Repuation,No,no_agreement,2018-07-06 18:01:10 UTC,2
34R0BODSP1ZNA806BKTL5ABCTP75EP,This year  we heard from students experiencing homelessness on how to better support their needs httpstcoKjvCQOaYy2,Moral Reputation,Moral Reputation,Yes,Moral Reputation,2018-07-06 18:01:07 UTC,2
3S8APUMBJXJH52HB7544QEW4FM8FBI,Denver OCEDETF Strike Force Takes Down Mexican Drug Trafficking Org That Distributed Cocaine  Methamphetamine httpstcoBPbfYXdbS4,Moral Reputation,Technical Reputation,No,no_agreement,2018-07-06 18:04:11 UTC,1
3NI0WFPPI9GK2MLQ8W4BCRN8VJ806E,RT hsrcinfo HSRC to lead 1 of 5 natl transportation ctrs wfocus on road safety AmazingUTCs USDOT DCRPcarolina UNC IPRC httpstco,None of the above.,Procedural Repuation,No,no_agreement,2018-07-06 18:01:37 UTC,1
33K3E8REWWVF3QAP4NQG5J6ABLIX8R,DYK? AF Academy offers cadets a regimen of military training  academics  athletic and character development progra httpstcoyJe5puYt4Z,None of the above.,Performative Reputation,No,no_agreement,2018-07-06 18:05:21 UTC,2
3G9UA71JVVUA8S0HDEJ90A20P3Y7JR,RT SNAP Ed Too cold or icy to go out? Indoor physicalactivity ideas to the rescue! httpstcoRIxXPwSPwK httpstcoH0y7eP7HUi,None of the above.,None of the above.,Yes,None of the above.,2018-07-06 18:09:02 UTC,2
3VMHWJRYHVGOI5KCC1WMFBNWYPVXF8,Veteran gained valuable career experience while serving in Air Force httpstcoxGLmaBwGH8 via newstribune,Performative Reputation,Procedural Repuation,No,no_agreement,2018-07-06 18:05:16 UTC,2
3I01FDIL6M8QJ53JX6G31LQF93FD23,"Standing on the top!   A USNavy sailor teaches another how to get into a working position at the top of a utility httpstcorj2l1De2oH",None of the above.,Technical Reputation,No,no_agreement,2018-07-06 18:01:21 UTC,2
36KM3FWE3RC36MZVR693I5N4QUS07D,SecElaineChao Were fortunate POTUS is a builder who understands challenges facing our countrys infrastructure infrastructureweek,Moral Reputation,None of the above.,No,no_agreement,2018-07-06 18:03:10 UTC,0
3S1L4CQSFX5CMSCJ1R48V3CYX4NAFI,Sec Johnson POTUS directed comprehensive review of whole situation after election impt to wait for whole report SecuringTomorrow,Procedural Repuation,Procedural Repuation,Yes,Procedural Repuation,2018-07-06 18:02:16 UTC,0
3L1EFR8WWT5YH92E9LQ8Z81ERM5F98,RT USEmbassySeoul Welcome USTreasury Sec Lew to Korea! He is here to discuss economic  financial cooperation bw our two countries ht,Performative Reputation,Performative Reputation,Yes,Performative Reputation,2018-07-06 18:08:46 UTC,3
32XN26MTXZJ2L7OXV0AD1A55LEX0LM,RT NIH News Higher brain glucose levels may mean more severe Alzheimers httpstcoIWonYzdaxs NIH NIHnews,Moral Reputation,Technical Reputation,No,no_agreement,2018-07-06 18:03:22 UTC,4
3TX9T2ZCB91FYM6M38U7GKP71SJWZ2,CommerceGov announces preliminary countervailing duty determinations for fine denier polyester staple fiber httpstcofX55VNRTaB,None of the above.,Performative Reputation,No,no_agreement,2018-07-06 18:04:45 UTC,1
3JTPR5MTZSCQW8SG764O35OHDM3K5O,RT AHRQNews AHRQ is celebrating Patient Safety Awareness Week March 12 - 18 Follow us for patient safety news and activities UnitedFor,Moral Reputation,Procedural Repuation,No,no_agreement,2018-07-06 18:01:46 UTC,2
37SDSEDIN927DPPWXU59AA2966481B,RT usbr The People of Reclamation Meet Reclamations Lower Colorado Region Dive Team! httpstcoYT5o40Vjq6 reclamation water work,None of the above.,Technical Reputation,No,no_agreement,2018-07-06 18:04:52 UTC,2
3EFNPKWBMSOL53Y8PU6D5OBOLS630B,Ex-Im plays a critical role in demonstrating to our trading partners that US exporters can compete in foreign mkts httpstcoAWcfk8OP4g,None of the above.,Performative Reputation,No,no_agreement,2018-07-06 18:01:19 UTC,1
38VTL6WC4ADLGDHXBL5FCD3SB1C5Y4,Past VApodcast guest Kato delaCruz breaks down how TeamRubicon and its volunteer base of Veterans made an impact httpstcoXTFTYsup1x,Performative Reputation,Technical Reputation,No,no_agreement,2018-07-06 18:19:01 UTC,2
3PR3LXCWSFZFHVTZ9FWU5F1LVR0X9G,DOJ Expresses Concerns on Regulation that Would Prohibit Real Estate Agents from Offering Gift Cards to Home Buyers httpstcofB4TpTargA,Performative Reputation,Technical Reputation,No,no_agreement,2018-07-06 18:00:50 UTC,2
3YD0MU1NC21Z7ZXDJ86W7BZHZG4A7E,USCIS this morning welcomes newuscitizens at the USNatArchives in honor of ConstitutionDay httpstco02y9kibER1,Moral Reputation,Moral Reputation,Yes,Moral Reputation,2018-07-06 18:08:46 UTC,2
39O0SQZVJN7R6GJULJSI21ORZKS7RJ,RT SecretarySonny Projected US farm exports for fiscal year 2018 look pretty solid $140 billion expected  would be 4th-best year on r,Performative Reputation,Performative Reputation,Yes,Performative Reputation,2018-07-06 18:04:05 UTC,1
3NFWQRSHVEEDWJPMNRWIRPN1VZ0FGZ,RT uscensusbureau DYK of female veterans served during wartime? Learn more about women vets in this AmericaCounts article httpst,Moral Reputation,None of the above.,No,no_agreement,2018-07-06 18:01:24 UTC,2
31ANT7FQN82ZUIR81L1RQD8PL5Z5H5,RT TeamNutrition Looking to vary the protein foods on your childcare menu? Try this easy baked cod httpstcouZrTQ0qJt8 httpstco,None of the above.,Performative Reputation,No,no_agreement,2018-07-06 18:02:05 UTC,2
31YWE12TE0CB3C56UIYARJAF01CX74,RT JohnKingatED We cant build walls high enough to separate the fate of our children from children down the block  down the road  or str,Moral Reputation,Performative Reputation,No,no_agreement,2018-07-06 18:06:06 UTC,2
36JW4WBR06KRWFKX7XE0CPZ2AZDFHY,Fat Pets Are a Growing Problem- httpstcoGsnWI9xHtv,None of the above.,Procedural Repuation,No,no_agreement,2018-07-06 18:11:59 UTC,0
3YLPJ8OXX8DEKPNNSK03O7Q59ZMX4K,Dreaming of summer adventures YellowstoneNPS! Grand Canyon of the Yellowstone by Abby Howe httpstcoyfmvzKA2nP,None of the above.,Procedural Repuation,No,no_agreement,2018-07-06 18:02:35 UTC,0
3XUSYT70IT1JNV05IJCPIXX0C5VD0J,Need a new challenge? A reason to get moving? Check out the all new PALA+ on SuperTracker  sign up today! httpstcoRsFMCU5noV,Performative Reputation,Procedural Repuation,No,no_agreement,2018-07-06 18:07:29 UTC,1
3IZPORCT1F9OZ5P6YSEUTEDLDNOHRV,RT doescience Apply by January 12 for the 2018 Summer Term Visiting Faculty Program Program httpstcovsE0DpR0ZR AASCU chronicle HA,None of the above.,Procedural Repuation,No,no_agreement,2018-07-06 18:19:29 UTC,2
3GVPRXWRPHUEDHGBVWY9O9N0CO97IF,Whos a good boy?A USAirForce airman rewards Nido  a Belgian Malinois  after training in SouthwestAsia httpstcor67hQ6sMnT,Moral Reputation,Technical Reputation,No,no_agreement,2018-07-06 18:08:55 UTC,2
3D1UCPY6GG93NS3BKYJSY3H64QI38Y,Treasury  NSCPress  StateDept highlight termination of Liberia national emergency underpinning EO 13348  removal of related sanctions,Moral Reputation,Technical Reputation,No,no_agreement,2018-07-06 18:02:16 UTC,4
308KJXFUJR6M5XUKWB9XC7RZODVATQ,RT BetsyDeVosED Inspiring to hear from these young women about their STEM education Theyre ready to lead! WomensHistoryMonth https,Moral Reputation,Performative Reputation,No,no_agreement,2018-07-06 18:22:41 UTC,2
3B286OTISEHSRUYFKHVTA14QQB4AJL,RT SandiaLabs Reducing the traffic jam in EnergyStorage   Sandia researchers make solid ground toward better lithium-ion battery interf,Procedural Repuation,Technical Reputation,No,no_agreement,2018-07-06 18:06:23 UTC,1
3538U0YQ1FUC27DYSCPY8VYSRUV3FF,GOES-S Satellite Launch Set for March 1 at 430 pm EDT Five Reasons Why it Will be a Game Changer for Weather Fo httpstcohRXUHYiYre,None of the above.,Technical Reputation,No,no_agreement,2018-07-06 18:07:46 UTC,4
3DQYSJDTYLBWCRKGHQCGXT2WMOGXEQ,Alleged ISIS Supporter Indicted for Attempting to Provide Material Support to Foreign Terrorist Organization httpstcogXvl5fq6Ck,None of the above.,Performative Reputation,No,no_agreement,2018-07-06 18:26:57 UTC,1
37M4O367VJILMWSJSIH4IIGL2RY5ME,RT USNavy Fleet Mail Center Sigonella delivers holiday joy - httpstcoAT6ucNKVAl httpstconi8Kb6ZgGS,Moral Reputation,None of the above.,No,no_agreement,2018-07-06 18:02:01 UTC,2
3E6L1VR4XWMBZQ0GBENWFYAC1LXF6X,Today  TravelGov Special Advisor Lawrence presented the FY 2017 Annual Report on Intercountry Adoption  outlining httpstco91P3LtaesR,None of the above.,Procedural Repuation,No,no_agreement,2018-07-06 18:01:44 UTC,1
36818Z1KV3DH6GWQHW36UUN1UEI3A2,Floridas Bay County Vets Center provides more than counseling httpstco7TLLsqFV2w via WJHG TV,Moral Reputation,Procedural Repuation,No,no_agreement,2018-07-06 18:01:50 UTC,2
3D17ECOUOEVLCSJQLDADJTUYQKC31E,RT HUDPacific HUD administers lead hazard grants nationwide To ID field reps in your region  click the map here httpstco1tQEWoAMW8,Performative Reputation,Procedural Repuation,No,no_agreement,2018-07-06 18:08:22 UTC,1
3CVDZS288H0DOTL8YUUD4U7YRLCFM7,RT statedeptspox So pleased to see this deal -- creating jobs at home and expanding economic opportunities overseas! A great example of t,Performative Reputation,Technical Reputation,No,no_agreement,2018-07-06 18:05:57 UTC,1
3QD8LUVX4XYWG8RN6PJDTZWJ9VI5XY,RT GoParks OTD in 1967  GoParks was established to serve as the official national nonprofit of the NatlParkS,Performative Reputation,Procedural Repuation,No,no_agreement,2018-07-06 19:02:23 UTC,0
33TGB4G0LPHY1A2D7L1BWF2XPY3XTG,RT statedeptspox US welcomes decision by Maldives Supreme Court to order the release of political prisoners  reinstate elected member,None of the above.,Performative Reputation,No,no_agreement,2018-07-06 18:02:55 UTC,3
3VZYA8PITOYOJILC3DU6KL98ZOX05Y,RT EDGreenRibbon Todays EDGreenRibbon honorees include 39 public schools  6 private schools 44% of honorees serve a majority disadvan,Moral Reputation,None of the above.,No,no_agreement,2018-07-06 18:02:39 UTC,2
3ICOHX7ENCBOF1E5EEN9OFFLCHW0EZ,RT CDCgov Learn how BRCA genes impact your breast cancer risk httpstcofpM9o8Brxk httpstcoCGoYG72J8j,None of the above.,Technical Reputation,No,no_agreement,2018-07-06 18:08:51 UTC,2
3Y3CZJSZ9KTCJC5BXQDL4HAV8EX5R2,Starting soon the UN Security Council convenes to discuss the situation in the Middle East-Syria Watch todays httpstcoWbxMviDAMq,None of the above.,Procedural Repuation,No,no_agreement,2018-07-06 18:05:28 UTC,4
35A1YQPVFEGZQD2S73JCQP94LIE5IY,RT PNNLab Cyber tools for the PowerGrid PNNL to lead six new ENERGY -funded projects | httpstcoEYw85GToXy httpstcowkS2BOWl,None of the above.,Procedural Repuation,No,no_agreement,2018-07-06 18:04:46 UTC,4
3L55D8AUFAX6FYQCQVSNQJ923IYCYJ,RT VAVetBenefits In this weeks VAPodcast  Tim talks mental and emotional health as a VA priority  and how those themes resonate in USMC,Moral Reputation,Moral Reputation,Yes,Moral Reputation,2018-07-06 18:04:05 UTC,2
3M67TQBQQHO3LIL6Y54GL7QNU6SA9Q,Deputy Attorney General SallyQYates Remarks at the CivilRights Divisions Annual Awards Ceremony httpstcoXsGHzCJnAf,None of the above.,Performative Reputation,No,no_agreement,2018-07-06 18:19:46 UTC,2
3GL25Y6843UUOFCTYO0ZA175VQ8MX5,RT USEmbassyFrance Sec Lew on EU and UK It is important that both sides demonstrate flexibility Brexit USTreasury Min Finances http,None of the above.,Procedural Repuation,No,no_agreement,2018-07-06 18:03:06 UTC,3
3XDSWAMB22SX6WZQZLBTDX6049HCQG,Journalism pioneer and leader Maureen Bunyan at HQ today celebrating BlackHistoryMonth httpstcovKgqSbKOs4,Moral Reputation,None of the above.,No,no_agreement,2018-07-06 18:03:50 UTC,2
3VGET1QSZ0ZWEC0GKD2OP0W8RZ77WM,100DaysofDHS ICEgov returns a Pissarro masterpiece to France after it was stolen and thought lost for 30 years  httpstcoufKLo4QK94,Moral Reputation,None of the above.,No,no_agreement,2018-07-06 18:02:48 UTC,1
341YLJU21IZ7RGJ5PKHESI6S18NI2A,Read StateDeptSpox Heather Nauerts statement on legislation in Poland regarding crimes committed during the Holoc httpstcoFd1ffNdXWQ,Moral Reputation,Performative Reputation,No,no_agreement,2018-07-06 18:19:53 UTC,4
3SR6AEG6W5TXW61SCN6O1A6IGA3HYX,RT SecretaryCarson Working with HabitatDC and volunteers from HUDgov to give a hand up to those in need by building housing for those i,Moral Reputation,None of the above.,No,no_agreement,2018-07-06 18:04:31 UTC,2
31MCUE39BKMIG79T3WVGQGY4S9V3GE,Former Police Officer Sentenced for Attempting to Support ISIS httpstcoXwN4yYJqCx,Moral Reputation,Performative Reputation,No,no_agreement,2018-07-06 19:18:13 UTC,1
3X878VYTIEIU3QELUOSOLCA8WWHF7W,RT realDonaldTrump Will be signing the biggest ever Tax Cut and Reform Bill in 30 minutes in Oval Office Will also be signing a much nee,Performative Reputation,Performative Reputation,Yes,Performative Reputation,2018-07-06 18:12:09 UTC,1
3HRWUH63QU2R4EDJ4JW4VX5L7H85NE,RT NOAAFisheries To celebrate WomensHistoryMonth we are highlighting six women leading NOAA Fisheries efforts to develop  implement el,Moral Reputation,None of the above.,No,no_agreement,2018-07-06 18:08:16 UTC,2
3P7QK0GJ3TLTM68FPO50SD9IXLP2ZR,Acting Secretary Duke met with security officials at ATT park today to discuss ways DHS will work with partners to httpstcoW1T70FoyHr,Moral Reputation,None of the above.,No,no_agreement,2018-07-06 18:19:43 UTC,1
36FFXPMST9OL2SXQ60XQZJ8G204HOM,RT FHA PDAS JaysonBates Yes Even grandparents! OwnTheDream httpstco1tCyzePhsA,None of the above.,None of the above.,Yes,None of the above.,2018-07-06 18:08:10 UTC,2
3AC6MFV69KIX1WBX8987FHFKM47HZO,Make sure youre prepared for one of the busiest travel days of the year This TSA post has everything you need httpstcohSql8oGpAT,Performative Reputation,Technical Reputation,No,no_agreement,2018-07-06 19:02:33 UTC,2
3PN6H8C9R4QFO8YNAL9I739DLR7AD7,RT ORISEconnect ORISE is now accepting applications for the ENERGY 2018 Mickey Leland Energy Fellowship Program  a 10-week summer progra,None of the above.,None of the above.,Yes,None of the above.,2018-07-06 18:06:48 UTC,2
33Q5P9PUSPM6KO0HMHU64QI49C2CZA,Today  Secretary Tillerson is in Bariloche  Argentina where he will discuss scientific exchanges and conservation httpstco4zv1BG91PX,Moral Reputation,Technical Reputation,No,no_agreement,2018-07-06 18:10:23 UTC,0
3MJ9GGZYO36SLY07DWP1BKI9O0IA2Y,August is Back2School Month! Learning can happen anywhere  thats why Broadband access is a priority at USDA httpstcopCoZQ81iJk,Moral Reputation,None of the above.,No,no_agreement,2018-07-06 18:20:06 UTC,2
3538U0YQ1FUC27DYSCPY8VYSRUVF3R,RT argonne Captured electrons excite nuclei to higher energy states ArmyResearchLab - httpstcoHyGkLcvcN3 httpstcof6RcIELc7E,None of the above.,None of the above.,Yes,None of the above.,2018-07-06 18:08:36 UTC,4
3VJ4PFXFJ3715A99WGZ7H3D17R2AUH,The new national strategy advances four vital interests - homeland defense  border security  trade policy and econo httpstcoFm2kmUvNcR,Performative Reputation,Procedural Repuation,No,no_agreement,2018-07-06 18:05:07 UTC,3
3SCKNODZ0XG6RIR2SCB1THJHYN37NV,RT CDCgov NEW! CDCs 2016 STDreport finds rates of chlamydia  gonorrhea  syphilis ALL increased for the third year httpstcoDYomXq,None of the above.,None of the above.,Yes,None of the above.,2018-07-06 18:06:01 UTC,2
3RWSQDNYL9M7IJTRC7Q094NPUK0FF0,BIG WINNERS These 33 NationalLab projects were recognized by RandDMagazine for their promising  innovative resea httpstco82RmgVRZZy,Performative Reputation,Technical Reputation,No,no_agreement,2018-07-06 18:05:18 UTC,4
3NOEP8XAU4209I96Q4SRR5100VIXPB,Former Secret Service Agent Sentenced in Scheme Related to Silk Road Investigation httpstcoFA9wiXGu6k,Moral Reputation,Performative Reputation,No,no_agreement,2018-07-06 18:18:44 UTC,1
3ZXV7Q5FJBO0F79HL50Z1Y2MX78FCP,RT WhiteHouse Watch POTUS explain the benefits of the CleanPowerPlan the biggest step weve ever taken to ActOnClimate httptcofr,Performative Reputation,Procedural Repuation,No,no_agreement,2018-07-06 18:16:18 UTC,1
3BO3NEOQM0HWWJE92ZATY0PQDWFAI9,RT USGS Current information on the M 79 earthquake 280km SE of Kodiak  AK httpstcoJzzWd0ID2k,Procedural Repuation,Technical Reputation,No,no_agreement,2018-07-06 18:10:38 UTC,4
3P520RYKCH64Z4XS1K8Q9SXFFD15U6,RT NOAA FEMA has a resource page for Irma information and safety tips Go to httpstcoE56ZWy86y9 httpstcoq5JO6nZKWc,Performative Reputation,Procedural Repuation,No,no_agreement,2018-07-06 18:19:06 UTC,4
389A2A304OI9I3URINHEYRFIR5J0C6,RT PDRevents The runner up for IAH2016 is the University of Maryland! httpstco2bkUeeYONp,None of the above.,Technical Reputation,No,no_agreement,2018-07-06 19:02:43 UTC,0
